QuoteDataBean,QuoteData
QuoteDataBean,PingBean
QuoteDataBean,RunStatsDataBean
QuoteDataBean,MarketSummaryDataBean
QuoteDataBean,PingCDIBean
QuoteDataBean,PingCDIJSFBean
QuoteDataBean,AccountDataBean
QuoteDataBean,TradeSLSBBean
QuoteDataBean,PingServletCDIBeanManagerViaCDICurrent
QuoteDataBean,OrderDataBean
QuoteDataBean,HoldingDataBean
QuoteDataBean,PingServletCDIBeanManagerViaJNDI
QuoteDataBean,AccountProfileDataBean
QuoteDataBean,QuoteJSF
TradeScenarioServlet,TradeActionProducer
TradeScenarioServlet,TradeWebContextListener
TradeScenarioServlet,TradeDirect
TradeScenarioServlet,TradeSLSBBean
TradeScenarioServlet,TradeBuildDB
TradeScenarioServlet,PingServletCDIBeanManagerViaCDICurrent
TradeScenarioServlet,PingUpgradeServlet
TradeScenarioServlet,TradeConfigServlet
TradeScenarioServlet,TradeAction
TradeScenarioServlet,TradeServletAction
TradeScenarioServlet,TradeAppServlet
TradeScenarioServlet,TradeConfig
TradeScenarioServlet,PingServletCDIBeanManagerViaJNDI
TradeScenarioServlet,PingServletCDI
QuoteData,RunStatsDataBean
QuoteData,MarketSummaryDataBean
QuoteData,AccountDataBean
QuoteData,OrderDataBean
QuoteData,HoldingDataBean
QuoteData,AccountProfileDataBean
QuoteData,QuoteJSF
TradeActionProducer,TradeWebContextListener
TradeActionProducer,ActionMessage
TradeActionProducer,TradeDirect
TradeActionProducer,ActionDecoder
TradeActionProducer,TradeSLSBBean
TradeActionProducer,TradeBuildDB
TradeActionProducer,TradeConfigServlet
TradeActionProducer,TradeAction
TradeActionProducer,TradeServletAction
TradeActionProducer,TradeAppServlet
TradeActionProducer,ExternalContextProducer
TradeActionProducer,TradeConfig
PingBean,RunStatsDataBean
PingBean,PingServlet2Include
PingBean,MarketSummaryDataBean
PingBean,PingJDBCRead
PingBean,PingCDIBean
PingBean,PingServlet2Jsp
PingBean,PingCDIJSFBean
PingBean,PingInterceptor
PingBean,PingEJBLocalDecorator
PingBean,PingJDBCWrite
PingBean,PingEJBLocal
PingBean,PingJDBCRead2JSP
PingBean,PingServlet2DB
PingBean,AccountDataBean
PingBean,PingServlet2IncludeRcv
PingBean,TradeSLSBBean
PingBean,PingServletCDIBeanManagerViaCDICurrent
PingBean,PingUpgradeServlet
PingBean,OrderDataBean
PingBean,HoldingDataBean
PingBean,PingServlet2PDF
PingBean,PingServlet2SessionLocal
PingBean,PingServlet2ServletRcv
PingBean,PingWebSocketJson
PingBean,PingServlet2Servlet
PingBean,PingServletCDIBeanManagerViaJNDI
PingBean,AccountProfileDataBean
PingBean,PingServletCDI
MarketSummaryWebSocket,TradeWebContextListener
MarketSummaryWebSocket,MarketSummaryDataBean
MarketSummaryWebSocket,MarketSummarySingleton
MarketSummaryWebSocket,PingWebSocketJson
RunStatsDataBean,MarketSummaryDataBean
RunStatsDataBean,PingCDIBean
RunStatsDataBean,PingCDIJSFBean
RunStatsDataBean,AccountDataBean
RunStatsDataBean,TradeSLSBBean
RunStatsDataBean,PingServletCDIBeanManagerViaCDICurrent
RunStatsDataBean,OrderDataBean
RunStatsDataBean,HoldingDataBean
RunStatsDataBean,MDBStats
RunStatsDataBean,PingServletCDIBeanManagerViaJNDI
RunStatsDataBean,AccountProfileDataBean
PingServlet2Include,PingJDBCRead
PingServlet2Include,PingCDIBean
PingServlet2Include,PingServlet2Jsp
PingServlet2Include,PingCDIJSFBean
PingServlet2Include,PingInterceptor
PingServlet2Include,PingEJBLocalDecorator
PingServlet2Include,PingJDBCWrite
PingServlet2Include,PingEJBLocal
PingServlet2Include,PingJDBCRead2JSP
PingServlet2Include,PingServlet2DB
PingServlet2Include,PingServlet2IncludeRcv
PingServlet2Include,PingServletCDIBeanManagerViaCDICurrent
PingServlet2Include,PingUpgradeServlet
PingServlet2Include,PingServlet2PDF
PingServlet2Include,PingServlet2SessionLocal
PingServlet2Include,PingServlet2ServletRcv
PingServlet2Include,PingWebSocketJson
PingServlet2Include,PingServlet2Servlet
PingServlet2Include,PingServletCDIBeanManagerViaJNDI
PingServlet2Include,PingServletCDI
JsonDecoder,ActionDecoder
JsonDecoder,JsonMessage
JsonDecoder,PingWebSocketJson
JsonDecoder,JsonEncoder
TradeWebContextListener,TradeDirect
TradeWebContextListener,TradeSLSBBean
TradeWebContextListener,TradeBuildDB
TradeWebContextListener,TradeConfigServlet
TradeWebContextListener,TradeAction
TradeWebContextListener,TradeServletAction
TradeWebContextListener,PingWebSocketJson
TradeWebContextListener,TradeAppServlet
TradeWebContextListener,ExternalContextProducer
TradeWebContextListener,TradeConfig
MarketSummaryDataBean,PingCDIBean
MarketSummaryDataBean,PingCDIJSFBean
MarketSummaryDataBean,AccountDataBean
MarketSummaryDataBean,TradeSLSBBean
MarketSummaryDataBean,PingServletCDIBeanManagerViaCDICurrent
MarketSummaryDataBean,OrderDataBean
MarketSummaryDataBean,MarketSummarySingleton
MarketSummaryDataBean,HoldingDataBean
MarketSummaryDataBean,PingServletCDIBeanManagerViaJNDI
MarketSummaryDataBean,AccountProfileDataBean
JSFLoginFilter,OrdersAlertFilter
JSFLoginFilter,QuoteJSF
PingJDBCRead,PingCDIBean
PingJDBCRead,PingServlet2Jsp
PingJDBCRead,PingCDIJSFBean
PingJDBCRead,PingInterceptor
PingJDBCRead,PingEJBLocalDecorator
PingJDBCRead,PingJDBCWrite
PingJDBCRead,PingEJBLocal
PingJDBCRead,PingJDBCRead2JSP
PingJDBCRead,PingServlet2DB
PingJDBCRead,PingServlet2IncludeRcv
PingJDBCRead,PingServletCDIBeanManagerViaCDICurrent
PingJDBCRead,PingUpgradeServlet
PingJDBCRead,PingServlet2PDF
PingJDBCRead,PingServlet2SessionLocal
PingJDBCRead,PingServlet2ServletRcv
PingJDBCRead,PingWebSocketJson
PingJDBCRead,PingServlet2Servlet
PingJDBCRead,PingServletCDIBeanManagerViaJNDI
PingJDBCRead,PingServletCDI
PingCDIBean,PingServlet2Jsp
PingCDIBean,PingCDIJSFBean
PingCDIBean,PingInterceptor
PingCDIBean,PingEJBLocalDecorator
PingCDIBean,PingJDBCWrite
PingCDIBean,PingEJBLocal
PingCDIBean,PingJDBCRead2JSP
PingCDIBean,PingServlet2DB
PingCDIBean,AccountDataBean
PingCDIBean,PingServlet2IncludeRcv
PingCDIBean,TradeSLSBBean
PingCDIBean,PingServletCDIBeanManagerViaCDICurrent
PingCDIBean,PingUpgradeServlet
PingCDIBean,OrderDataBean
PingCDIBean,HoldingDataBean
PingCDIBean,PingServlet2PDF
PingCDIBean,PingServlet2SessionLocal
PingCDIBean,PingServlet2ServletRcv
PingCDIBean,PingWebSocketJson
PingCDIBean,PingServlet2Servlet
PingCDIBean,PingServletCDIBeanManagerViaJNDI
PingCDIBean,AccountProfileDataBean
PingCDIBean,PingServletCDI
PingServlet2Jsp,PingCDIJSFBean
PingServlet2Jsp,PingInterceptor
PingServlet2Jsp,PingEJBLocalDecorator
PingServlet2Jsp,PingJDBCWrite
PingServlet2Jsp,PingEJBLocal
PingServlet2Jsp,PingJDBCRead2JSP
PingServlet2Jsp,PingServlet2DB
PingServlet2Jsp,PingServlet2IncludeRcv
PingServlet2Jsp,PingServletCDIBeanManagerViaCDICurrent
PingServlet2Jsp,PingUpgradeServlet
PingServlet2Jsp,PingServlet2PDF
PingServlet2Jsp,PingServlet2SessionLocal
PingServlet2Jsp,PingServlet2ServletRcv
PingServlet2Jsp,PingWebSocketJson
PingServlet2Jsp,PingServlet2Servlet
PingServlet2Jsp,PingServletCDIBeanManagerViaJNDI
PingServlet2Jsp,PingServletCDI
PingCDIJSFBean,PingInterceptor
PingCDIJSFBean,PingEJBLocalDecorator
PingCDIJSFBean,PingJDBCWrite
PingCDIJSFBean,PingEJBLocal
PingCDIJSFBean,PingJDBCRead2JSP
PingCDIJSFBean,PingServlet2DB
PingCDIJSFBean,AccountDataBean
PingCDIJSFBean,PingServlet2IncludeRcv
PingCDIJSFBean,TradeSLSBBean
PingCDIJSFBean,PingServletCDIBeanManagerViaCDICurrent
PingCDIJSFBean,PingUpgradeServlet
PingCDIJSFBean,OrderDataBean
PingCDIJSFBean,HoldingDataBean
PingCDIJSFBean,PingServlet2PDF
PingCDIJSFBean,PingServlet2SessionLocal
PingCDIJSFBean,PingServlet2ServletRcv
PingCDIJSFBean,PingWebSocketJson
PingCDIJSFBean,PingServlet2Servlet
PingCDIJSFBean,PingServletCDIBeanManagerViaJNDI
PingCDIJSFBean,AccountProfileDataBean
PingCDIJSFBean,PingServletCDI
ActionMessage,ActionDecoder
ActionMessage,TradeAction
ActionMessage,TradeServletAction
ActionMessage,JsonMessage
TradeDirect,TradeSLSBBean
TradeDirect,TradeBuildDB
TradeDirect,TradeConfigServlet
TradeDirect,TradeAction
TradeDirect,TradeServletAction
TradeDirect,KeySequenceDirect
TradeDirect,TradeAppServlet
TradeDirect,TradeConfig
PingInterceptor,PingEJBLocalDecorator
PingInterceptor,PingJDBCWrite
PingInterceptor,PingEJBLocal
PingInterceptor,PingJDBCRead2JSP
PingInterceptor,PingServlet2DB
PingInterceptor,PingServlet2IncludeRcv
PingInterceptor,PingServletCDIBeanManagerViaCDICurrent
PingInterceptor,PingUpgradeServlet
PingInterceptor,PingServlet2PDF
PingInterceptor,PingServlet2SessionLocal
PingInterceptor,PingServlet2ServletRcv
PingInterceptor,PingWebSocketJson
PingInterceptor,PingServlet2Servlet
PingInterceptor,PingServletCDIBeanManagerViaJNDI
PingInterceptor,PingServletCDI
PingEJBLocalDecorator,PingJDBCWrite
PingEJBLocalDecorator,PingEJBLocal
PingEJBLocalDecorator,PingJDBCRead2JSP
PingEJBLocalDecorator,PingServlet2DB
PingEJBLocalDecorator,PingServlet2IncludeRcv
PingEJBLocalDecorator,PingServletCDIBeanManagerViaCDICurrent
PingEJBLocalDecorator,PingUpgradeServlet
PingEJBLocalDecorator,PingServlet2PDF
PingEJBLocalDecorator,PingServlet2SessionLocal
PingEJBLocalDecorator,PingServlet2ServletRcv
PingEJBLocalDecorator,PingWebSocketJson
PingEJBLocalDecorator,PingServlet2Servlet
PingEJBLocalDecorator,PingServletCDIBeanManagerViaJNDI
PingEJBLocalDecorator,PingServletCDI
PingJDBCWrite,PingEJBLocal
PingJDBCWrite,PingJDBCRead2JSP
PingJDBCWrite,PingServlet2DB
PingJDBCWrite,PingServlet2IncludeRcv
PingJDBCWrite,PingServletCDIBeanManagerViaCDICurrent
PingJDBCWrite,PingUpgradeServlet
PingJDBCWrite,PingServlet2PDF
PingJDBCWrite,PingServlet2SessionLocal
PingJDBCWrite,PingServlet2ServletRcv
PingJDBCWrite,PingWebSocketJson
PingJDBCWrite,PingServlet2Servlet
PingJDBCWrite,PingServletCDIBeanManagerViaJNDI
PingJDBCWrite,PingServletCDI
PingEJBLocal,PingJDBCRead2JSP
PingEJBLocal,PingServlet2DB
PingEJBLocal,PingServlet2IncludeRcv
PingEJBLocal,PingServletCDIBeanManagerViaCDICurrent
PingEJBLocal,PingUpgradeServlet
PingEJBLocal,PingServlet2PDF
PingEJBLocal,PingServlet2SessionLocal
PingEJBLocal,PingServlet2ServletRcv
PingEJBLocal,PingWebSocketJson
PingEJBLocal,PingServlet2Servlet
PingEJBLocal,PingServletCDIBeanManagerViaJNDI
PingEJBLocal,PingServletCDI
PingJDBCRead2JSP,PingServlet2DB
PingJDBCRead2JSP,PingServlet2IncludeRcv
PingJDBCRead2JSP,PingServletCDIBeanManagerViaCDICurrent
PingJDBCRead2JSP,PingUpgradeServlet
PingJDBCRead2JSP,PingServlet2PDF
PingJDBCRead2JSP,PingServlet2SessionLocal
PingJDBCRead2JSP,PingServlet2ServletRcv
PingJDBCRead2JSP,PingWebSocketJson
PingJDBCRead2JSP,PingServlet2Servlet
PingJDBCRead2JSP,PingServletCDIBeanManagerViaJNDI
PingJDBCRead2JSP,PingServletCDI
PingServlet2DB,PingServlet2IncludeRcv
PingServlet2DB,PingServletCDIBeanManagerViaCDICurrent
PingServlet2DB,PingUpgradeServlet
PingServlet2DB,PingServlet2PDF
PingServlet2DB,PingServlet2SessionLocal
PingServlet2DB,PingServlet2ServletRcv
PingServlet2DB,PingWebSocketJson
PingServlet2DB,PingServlet2Servlet
PingServlet2DB,PingServletCDIBeanManagerViaJNDI
PingServlet2DB,PingServletCDI
AccountDataBean,TradeSLSBBean
AccountDataBean,PingServletCDIBeanManagerViaCDICurrent
AccountDataBean,OrderDataBean
AccountDataBean,HoldingDataBean
AccountDataBean,PingServletCDIBeanManagerViaJNDI
AccountDataBean,AccountProfileDataBean
ActionDecoder,TradeAction
ActionDecoder,TradeServletAction
PingServlet2IncludeRcv,PingServletCDIBeanManagerViaCDICurrent
PingServlet2IncludeRcv,PingUpgradeServlet
PingServlet2IncludeRcv,PingServlet2PDF
PingServlet2IncludeRcv,PingServlet2SessionLocal
PingServlet2IncludeRcv,PingServlet2ServletRcv
PingServlet2IncludeRcv,PingWebSocketJson
PingServlet2IncludeRcv,PingServlet2Servlet
PingServlet2IncludeRcv,PingServletCDIBeanManagerViaJNDI
PingServlet2IncludeRcv,PingServletCDI
TradeSLSBBean,TradeBuildDB
TradeSLSBBean,PingServletCDIBeanManagerViaCDICurrent
TradeSLSBBean,OrderDataBean
TradeSLSBBean,TradeConfigServlet
TradeSLSBBean,HoldingDataBean
TradeSLSBBean,TradeAction
TradeSLSBBean,TradeServletAction
TradeSLSBBean,TradeAppServlet
TradeSLSBBean,TradeConfig
TradeSLSBBean,PingServletCDIBeanManagerViaJNDI
TradeSLSBBean,AccountProfileDataBean
TradeBuildDB,TradeConfigServlet
TradeBuildDB,TradeAction
TradeBuildDB,TradeServletAction
TradeBuildDB,TradeAppServlet
TradeBuildDB,TradeConfig
PingServletCDIBeanManagerViaCDICurrent,PingUpgradeServlet
PingServletCDIBeanManagerViaCDICurrent,OrderDataBean
PingServletCDIBeanManagerViaCDICurrent,TradeConfigServlet
PingServletCDIBeanManagerViaCDICurrent,HoldingDataBean
PingServletCDIBeanManagerViaCDICurrent,PingServlet2PDF
PingServletCDIBeanManagerViaCDICurrent,TradeServletAction
PingServletCDIBeanManagerViaCDICurrent,PingServlet2SessionLocal
PingServletCDIBeanManagerViaCDICurrent,PingServlet2ServletRcv
PingServletCDIBeanManagerViaCDICurrent,PingWebSocketJson
PingServletCDIBeanManagerViaCDICurrent,TradeAppServlet
PingServletCDIBeanManagerViaCDICurrent,PingServlet2Servlet
PingServletCDIBeanManagerViaCDICurrent,PingServletCDIBeanManagerViaJNDI
PingServletCDIBeanManagerViaCDICurrent,AccountProfileDataBean
PingServletCDIBeanManagerViaCDICurrent,PingServletCDI
PingUpgradeServlet,TradeConfigServlet
PingUpgradeServlet,PingServlet2PDF
PingUpgradeServlet,TradeServletAction
PingUpgradeServlet,PingServlet2SessionLocal
PingUpgradeServlet,PingServlet2ServletRcv
PingUpgradeServlet,PingWebSocketJson
PingUpgradeServlet,TradeAppServlet
PingUpgradeServlet,PingServlet2Servlet
PingUpgradeServlet,PingServletCDIBeanManagerViaJNDI
PingUpgradeServlet,PingServletCDI
OrderDataBean,HoldingDataBean
OrderDataBean,PingServletCDIBeanManagerViaJNDI
OrderDataBean,AccountProfileDataBean
TradeConfigServlet,TradeAction
TradeConfigServlet,TradeServletAction
TradeConfigServlet,TradeAppServlet
TradeConfigServlet,TradeConfig
TradeConfigServlet,PingServletCDIBeanManagerViaJNDI
TradeConfigServlet,PingServletCDI
HoldingDataBean,PingServletCDIBeanManagerViaJNDI
HoldingDataBean,AccountProfileDataBean
PingServlet2PDF,PingServlet2SessionLocal
PingServlet2PDF,PingServlet2ServletRcv
PingServlet2PDF,PingWebSocketJson
PingServlet2PDF,PingServlet2Servlet
PingServlet2PDF,PingServletCDIBeanManagerViaJNDI
PingServlet2PDF,PingServletCDI
TradeAction,TradeServletAction
TradeAction,TradeAppServlet
TradeAction,TradeConfig
TradeServletAction,TradeAppServlet
TradeServletAction,TradeConfig
TradeServletAction,PingServletCDIBeanManagerViaJNDI
TradeServletAction,PingServletCDI
KeySequenceDirect,KeyBlock
KeySequenceDirect,KeyBlock::KeyBlockIterator
JsonMessage,PingWebSocketJson
JsonMessage,JsonEncoder
PingServlet2SessionLocal,PingServlet2ServletRcv
PingServlet2SessionLocal,PingWebSocketJson
PingServlet2SessionLocal,PingServlet2Servlet
PingServlet2SessionLocal,PingServletCDIBeanManagerViaJNDI
PingServlet2SessionLocal,PingServletCDI
PingServlet2ServletRcv,PingWebSocketJson
PingServlet2ServletRcv,PingServlet2Servlet
PingServlet2ServletRcv,PingServletCDIBeanManagerViaJNDI
PingServlet2ServletRcv,PingServletCDI
KeyBlock,KeyBlock::KeyBlockIterator
PingWebSocketJson,JsonEncoder
PingWebSocketJson,PingServlet2Servlet
PingWebSocketJson,PingServletCDIBeanManagerViaJNDI
PingWebSocketJson,PingServletCDI
TradeAppServlet,TradeConfig
TradeAppServlet,PingServletCDIBeanManagerViaJNDI
TradeAppServlet,PingServletCDI
PingServlet2Servlet,PingServletCDIBeanManagerViaJNDI
PingServlet2Servlet,PingServletCDI
PingServletCDIBeanManagerViaJNDI,AccountProfileDataBean
PingServletCDIBeanManagerViaJNDI,PingServletCDI
