SqlMapProductDao,SqlMapSequenceDao
SqlMapProductDao,SqlMapItemDao
SqlMapProductDao,SqlMapAccountDao
SqlMapProductDao,SqlMapProductDao::ProductSearch
SqlMapProductDao,SqlMapCategoryDao
SqlMapProductDao,ViewProductController
SqlMapProductDao,SqlMapOrderDao
SqlMapProductDao,Product
OrderValidator,AccountValidator
OrderValidator,OrderForm
OrderValidator,OrderFormController
OrderValidator,Order
OrderValidator,SqlMapOrderDao
RemoveItemFromCartController,Item
RemoveItemFromCartController,UpdateCartQuantitiesController
RemoveItemFromCartController,OrderFormController
RemoveItemFromCartController,Cart
RemoveItemFromCartController,SignonController
RemoveItemFromCartController,ViewCategoryController
RemoveItemFromCartController,SqlMapItemDao
RemoveItemFromCartController,ViewCartController
RemoveItemFromCartController,SearchProductsController
RemoveItemFromCartController,ViewProductController
RemoveItemFromCartController,LineItem
RemoveItemFromCartController,AccountFormController
RemoveItemFromCartController,ViewItemController
RemoveItemFromCartController,AddItemToCartController
RemoveItemFromCartController,CartItem
Item,SqlMapItemDao
Item,LineItem
Item,ViewItemController
Item,AddItemToCartController
Item,CartItem
UpdateCartQuantitiesController,OrderFormController
UpdateCartQuantitiesController,Cart
UpdateCartQuantitiesController,SignonController
UpdateCartQuantitiesController,ViewCategoryController
UpdateCartQuantitiesController,ViewCartController
UpdateCartQuantitiesController,SearchProductsController
UpdateCartQuantitiesController,ViewProductController
UpdateCartQuantitiesController,AccountFormController
UpdateCartQuantitiesController,ViewItemController
UpdateCartQuantitiesController,AddItemToCartController
UpdateCartQuantitiesController,CartItem
AccountValidator,AccountForm
AccountValidator,SqlMapAccountDao
AccountValidator,Account
AccountValidator,AccountFormController
OrderForm,OrderFormController
OrderForm,AccountForm
OrderForm,Order
OrderForm,SqlMapOrderDao
OrderForm,AccountFormController
OrderFormController,SignonController
OrderFormController,ViewCategoryController
OrderFormController,AccountForm
OrderFormController,ViewCartController
OrderFormController,SearchProductsController
OrderFormController,Order
OrderFormController,ViewProductController
OrderFormController,SqlMapOrderDao
OrderFormController,AccountFormController
OrderFormController,ViewItemController
OrderFormController,AddItemToCartController
SqlMapSequenceDao,SqlMapItemDao
SqlMapSequenceDao,SqlMapAccountDao
SqlMapSequenceDao,SqlMapProductDao::ProductSearch
SqlMapSequenceDao,SqlMapCategoryDao
SqlMapSequenceDao,Sequence
SqlMapSequenceDao,SqlMapOrderDao
Cart,ViewCartController
Cart,AddItemToCartController
Cart,CartItem
Category,ViewCategoryController
Category,SqlMapCategoryDao
SignonController,ViewCategoryController
SignonController,ViewCartController
SignonController,SearchProductsController
SignonController,ViewProductController
SignonController,AccountFormController
SignonController,ViewItemController
SignonController,AddItemToCartController
ViewCategoryController,ViewCartController
ViewCategoryController,SearchProductsController
ViewCategoryController,SqlMapCategoryDao
ViewCategoryController,ViewProductController
ViewCategoryController,AccountFormController
ViewCategoryController,ViewItemController
ViewCategoryController,AddItemToCartController
AccountForm,SqlMapAccountDao
AccountForm,Account
AccountForm,AccountFormController
SqlMapItemDao,SqlMapAccountDao
SqlMapItemDao,SqlMapProductDao::ProductSearch
SqlMapItemDao,SqlMapCategoryDao
SqlMapItemDao,SqlMapOrderDao
SqlMapItemDao,LineItem
SqlMapItemDao,ViewItemController
SqlMapItemDao,AddItemToCartController
SqlMapItemDao,CartItem
ViewCartController,SearchProductsController
ViewCartController,ViewProductController
ViewCartController,AccountFormController
ViewCartController,ViewItemController
ViewCartController,AddItemToCartController
ViewCartController,CartItem
SqlMapAccountDao,SqlMapProductDao::ProductSearch
SqlMapAccountDao,SqlMapCategoryDao
SqlMapAccountDao,Account
SqlMapAccountDao,SqlMapOrderDao
SqlMapAccountDao,AccountFormController
SearchProductsController,SqlMapProductDao::ProductSearch
SearchProductsController,ViewProductController
SearchProductsController,AccountFormController
SearchProductsController,ViewItemController
SearchProductsController,AddItemToCartController
SqlMapProductDao::ProductSearch,SqlMapCategoryDao
SqlMapProductDao::ProductSearch,ViewProductController
SqlMapProductDao::ProductSearch,SqlMapOrderDao
SqlMapProductDao::ProductSearch,Product
SqlMapCategoryDao,SqlMapOrderDao
Order,SqlMapOrderDao
ViewProductController,AccountFormController
ViewProductController,ViewItemController
ViewProductController,AddItemToCartController
ViewProductController,Product
Account,AccountFormController
LineItem,ViewItemController
LineItem,AddItemToCartController
LineItem,CartItem
AccountFormController,ViewItemController
AccountFormController,AddItemToCartController
ViewItemController,AddItemToCartController
ViewItemController,CartItem
AddItemToCartController,CartItem
