FlightsREST,CustomerREST
FlightsREST,BookingsREST
FlightsREST,LoginREST
FlightsREST,RESTCookieSessionFilter
FlightsREST,LoaderREST
CustomerREST,CustomerServiceImpl
CustomerREST,CustomerLoader
CustomerREST,BookingsREST
CustomerREST,LoginREST
CustomerREST,CustomerService
CustomerREST,CustomerInfo
CustomerREST,RESTCookieSessionFilter
CustomerREST,LoaderREST
SessionLoader,FlightLoader
SessionLoader,CustomerLoader
SessionLoader,BookingLoader
SessionLoader,Loader
SessionLoader,RESTCookieSessionFilter
SessionLoader,LoaderREST
CustomerServiceImpl,CustomerLoader
CustomerServiceImpl,ServiceLocator
CustomerServiceImpl,FlightServiceImpl
CustomerServiceImpl,AuthService
CustomerServiceImpl,AuthServiceImpl
CustomerServiceImpl,CustomerService
CustomerServiceImpl,FlightService
CustomerServiceImpl,BookingServiceImpl
CustomerServiceImpl,CustomerInfo
AcmeAirApp,AcmeAirConfiguration
FlightLoader,CustomerLoader
FlightLoader,FlightServiceImpl
FlightLoader,BookingLoader
FlightLoader,Loader
FlightLoader,FlightService
FlightLoader,LoaderREST
CustomerLoader,BookingLoader
CustomerLoader,Loader
CustomerLoader,CustomerService
CustomerLoader,CustomerInfo
CustomerLoader,LoaderREST
ServiceLocator,FlightServiceImpl
ServiceLocator,AuthService
ServiceLocator,AuthServiceImpl
ServiceLocator,CustomerService
ServiceLocator,FlightService
ServiceLocator,BookingServiceImpl
BookingsREST,LoginREST
BookingsREST,RESTCookieSessionFilter
BookingsREST,LoaderREST
FlightServiceImpl,AuthService
FlightServiceImpl,AuthServiceImpl
FlightServiceImpl,CustomerService
FlightServiceImpl,FlightService
FlightServiceImpl,BookingServiceImpl
LoginREST,RESTCookieSessionFilter
LoginREST,LoaderREST
AddressInfo,CustomerInfo
AuthService,AuthServiceImpl
AuthService,CustomerService
AuthService,FlightService
AuthService,BookingServiceImpl
BookingLoader,Loader
BookingLoader,BookingServiceImpl
BookingLoader,LoaderREST
Loader,LoaderREST
AuthServiceImpl,CustomerService
AuthServiceImpl,FlightService
AuthServiceImpl,BookingServiceImpl
CustomerService,FlightService
CustomerService,BookingServiceImpl
CustomerService,CustomerInfo
FlightService,BookingServiceImpl
RESTCookieSessionFilter,LoaderREST
